,UserScreenName,UserName,Timestamp,Text,Embedded_text,Emojis,Comments,Likes,Retweets,Image link,Tweet URL
12837,carlos buburr€n,@CBuburron,2022-04-01T21:28:20.000Z,"carlos buburr€n
@CBuburron
ô£
1 abr. 2022","Francia, Inglaterra y Espa€¤a cuando Benito Ju€ğrez suspendi€ los pagos:",,7,119,1.622,[],https://twitter.com/CBuburron/status/1510006170030944260
12838,Mal,@rado_ml,2022-04-01T15:31:33.000Z,"Mal
@rado_ml
ô£
1 abr. 2022","Sierra Norte de Oaxaca,  puente colgante de Benito Ju€ğrez,  a 3,200 mts de altitud.",,3,5,11,[],https://twitter.com/rado_ml/status/1509916385979342875
12839,Ale,@ale_delack,2022-04-02T23:59:50.000Z,"Ale
@ale_delack
ô£
2 abr. 2022",En la Benito Ju€ğrez huele muy cabron a quemado y se ve bruma. ,Ñ???,5,11,21,[],https://twitter.com/ale_delack/status/1510406684946141185
12840,Pumas Futbol 1954,@pumasfutbol1954,2022-04-02T21:20:12.000Z,"Pumas Futbol 1954
@pumasfutbol1954
ô£
2 abr. 2022","HOY JUEGA PUMAS! 
Bravos Vs Pumas 
Ol€Ğmpico Benito Ju€ğrez
21:00 hrs 
TUDN | TV Azteca 
GOOOOOOOOOOOOOOOYA! #SoyDePumas",Ÿ?® Ñ?? Ÿ¤ Ñ??ó,,2,5,[],https://twitter.com/pumasfutbol1954/status/1510366514511241219
12841,Abraham Mendieta,@abrahamendieta,2022-04-03T03:52:08.000Z,"Abraham Mendieta
@abrahamendieta
ô£
2 abr. 2022",ôğQu€÷ alegr€Ğa ver a los vecinos de la alcald€Ğa Benito Ju€ğrez tan comprometidos con la Reforma El€÷ctrica!,,115,1.065,3.806,[],https://twitter.com/abrahamendieta/status/1510465145847304192
12842,Cam Mart€Ğnez,@CamMttz,2022-04-03T03:43:42.000Z,"Cam Mart€Ğnez
@CamMttz
ô£
2 abr. 2022","Maravilloso evento se vivi€ hoy en la Benito Ju€ğrez, cientos y cientos de personas reunidas por la Cuarta Transformaci€n. 

ôğôğClaro que somos muchas las personas que estamos con la Reforma El€÷ctrica y somos muchas y muchos quienes saldremos a votar este 10 de abril!!",,208,706,2.272,[],https://twitter.com/CamMttz/status/1510463022980124674
12843,Sabina Berman,@sabinaberman,2022-04-04T03:58:31.000Z,"Sabina Berman
@sabinaberman
ô£
3 abr. 2022",Pues con la noticia que de mi casa al nuevo aeropuerto hice 28 minutos. La tercera parte de lo que suelo hacer al aeropuerto Benito Ju€ğrez.,,2.206,1.066,4.582,[],https://twitter.com/sabinaberman/status/1510829141330907140
12844,Armando Baez 1,@Armando82198079,2022-04-04T02:01:41.000Z,"Armando Baez 1
@Armando82198079
ô£
3 abr. 2022","Y lo peor, ser€ğn egresados de las universidades patito Ÿ??Benito Ju€ğrezŸ?

Imagen recibida por whatsapp",,4,16,31,[],https://twitter.com/Armando82198079/status/1510799737217241090
12845,Irene Barcenas,@barcenairene,2022-04-05T03:24:56.000Z,"Irene Barcenas
@barcenairene
ô£
4 abr. 2022","Tarjeta de presentaci€n de Benito
Ju€ğrez.
Imagen de 1860.",,5,26,222,[],https://twitter.com/barcenairene/status/1511183076461842435
12846,Mara Lezama,@MaraLezama,2022-04-05T02:18:10.000Z,"Mara Lezama
@MaraLezama
ô£
4 abr. 2022","En Benito Ju€ğrez demostramos que s€Ğ se puede gobernar con austeridad y poner siempre por encima, los intereses del pueblo. Ahora vamos a consolidar la transformaci€n en todo #QuintanaRoo, ôğle duela quien le duela! #QueSigaLaEsperanza",,31,61,158,['https://pbs.twimg.com/ext_tw_video_thumb/1511166215955402756/pu/img/R_WexMhphZsK4NKk.jpg'],https://twitter.com/MaraLezama/status/1511166273761255429
12847,nube ã?Ÿ?«ÿ‹óŸ?«ã?,@alejandraskyyy,2022-04-06T20:47:37.000Z,"nube ã?Ÿ?«ÿ‹óŸ?«ã?
@alejandraskyyy
ô£
6 abr. 2022",Culiac€ğn de noche desde un edificio en la Benito Ju€ğrez :),,5,32,278,[],https://twitter.com/alejandraskyyy/status/1511807863835926529
12848,Ñ??ÿ‘?Ñ?©ÿ“›y ?—?,@SoniTuit,2022-04-06T15:29:34.000Z,"Ñ??ÿ‘?Ñ?©ÿ“›y ?—?
@SoniTuit
ô£
6 abr. 2022","El griton de @NestorGarciaCDM vaya que s€Ğ es toda una fichita.
""Jefe de Unidad Departamental de Tianguis y Mercados en la Benito Ju€ğrez, fue denunciado por robo a negocio"".",Ñ??? Ñ???,26,551,539,['https://pbs.twimg.com/ext_tw_video_thumb/1511726545945120778/pu/img/QFHIKAHmWIjL_W6G.jpg'],https://twitter.com/SoniTuit/status/1511727824385847299
12849,Mart€Ğ Batres,@martibatres,2022-04-07T03:05:39.000Z,"Mart€Ğ Batres
@martibatres
ô£
6 abr. 2022",Tambi€÷n hay clase media solidaria y que simpatiza con el proyecto de la 4a Transformaci€n. No podr€Ğa ser de otra manera. El 2o piso del Perif€÷rico fue construido por AMLO y lo usan todos los d€Ğas decenas de miles de habitantes de Benito Ju€ğrez.,,183,256,749,['https://pbs.twimg.com/ext_tw_video_thumb/1511902156525379588/pu/img/EkFuLkg5HZFEe_l-.jpg'],https://twitter.com/martibatres/status/1511902999437844484
12850,Horacio Duarte Olivares,@horacioduarteo,2022-04-07T18:37:53.000Z,"Horacio Duarte Olivares
@horacioduarteo
ô£
7 abr. 2022","Ÿ?íBenito Ju€ğrez, Miguel Hidalgo, Felipe €ngeles est€ğn en los libros de historia y en los altares c€Ğvicos de las avenidas del pa€Ğs, aun y cuando fueron detenidos, fusilados o exiliados. Los conservadores buscaron borrar su existenciaŸ?í (17/23)",,3,213,750,[],https://twitter.com/horacioduarteo/status/1512137603625201672
12851,Rom€ğn Meyer Falc€n,@MeyerFalcon,2022-04-08T16:24:36.000Z,"Rom€ğn Meyer Falc€n
@MeyerFalcon
ô£
8 abr. 2022","Para mejorar la vida cotidiana de las personas se redise€¤€ la calle principal, la Benito Ju€ğrez: ampliando banquetas, cambiando y mejorando la iluminaci€n e incorporando arbolado urbano, con esto incentivamos la movilidad activa. #SanBlasLate 5/7",,6,122,406,[],https://twitter.com/MeyerFalcon/status/1512466451264946182
12852,DerechoDeReplica,@derechoderepli,2022-04-08T17:35:40.000Z,"DerechoDeReplica
@derechoderepli
ô£
8 abr. 2022","Al fin se acab€ la impunidad del jetta rojo que se estacionaba enfrente de la escuela Benito Ju€ğrez.  Gracias 
@a_vazquezluna
 .",,22,43,147,[],https://twitter.com/derechoderepli/status/1512484333076226049
12853,Valeria Castell€-Joubert,@UnLibroPorMes,2022-04-09T16:11:20.000Z,"Valeria Castell€-Joubert
@UnLibroPorMes
ô£
9 abr. 2022","Qu€÷ decirles. 
Mercado Benito Ju€ğrez, Oaxaca, M€÷xico.",,3,3,35,[],https://twitter.com/UnLibroPorMes/status/1512825498027450375
12854,La Zona,@LxZona_,2022-04-09T21:55:16.000Z,"La Zona
@LxZona_
ô£
9 abr. 2022",Que la Virgencita y Benito Ju€ğrez me protejan.,,,9,60,[],https://twitter.com/LxZona_/status/1512912050401521667
12855,Jenaro Villamil,@jenarovillamil,2022-04-10T17:27:16.000Z,"Jenaro Villamil
@jenarovillamil
ô£
10 abr. 2022","#RevocacionDeMandato. Im€ğgenes de una alta participaci€n, en la escuela Ÿ??Licenciado Benito Ju€ğrezŸ?, en Sinaloa.",,591,1.398,3.269,['https://pbs.twimg.com/ext_tw_video_thumb/1513206957825482757/pu/img/I8i_GUprotS25bBk.jpg'],https://twitter.com/jenarovillamil/status/1513206995062607879
12856,Roc€Ğo (Rocil€õ)de L€pez,@Principerra,2022-04-10T14:54:40.000Z,"Roc€Ğo (Rocil€õ)de L€pez
@Principerra
ô£
10 abr. 2022",En Benito Ju€ğrez . Acacias,,,7,16,[],https://twitter.com/Principerra/status/1513168594464489476
12857,Yaflow,@YAFLOW13,2022-04-11T08:21:13.000Z,"Yaflow
@YAFLOW13
ô£
11 abr. 2022","Ÿ??La democracia es el destino de la humanidad, la libertad, su brazo indestructible.Ÿ? 
                                    Ÿ??Benito Ju€ğrez ",,8,45,87,[],https://twitter.com/YAFLOW13/status/1513431967018078209
12858,Yo Mero,@WaldyRCP,2022-04-11T02:57:59.000Z,"Yo Mero
@WaldyRCP
ô£
10 abr. 2022","Resultados en la delegaci€n Benito Ju€ğrez CDMX de Ÿí
@STaboadaMx
Ÿ÷ 

P€õdrete PANazi",,1,4,10,[],https://twitter.com/WaldyRCP/status/1513350621499465734
12859,AXL,@AXL_BELFORT,2022-04-12T18:39:44.000Z,"AXL
@AXL_BELFORT
ô£
12 abr. 2022","La €õnica opci€n parcialmente viable al des€÷rtico e inoperante AIFA, es dejar morir al actual Benito Ju€ğrez, sin mantenimiento y hasta que quede en los huesos.

Y eso, tampoco resolver€ğ en absoluto el problema a€÷reo de la ciudad.",,78,358,1.953,[],https://twitter.com/AXL_BELFORT/status/1513950009917542400
12860,Demetrio Navarrete LC,@demetrio_lc,2022-04-12T19:38:32.000Z,"Demetrio Navarrete LC
@demetrio_lc
ô£
12 abr. 2022",La verdad de lo peorcito Benito Ju€ğrez,Ñ??Ø Ñ?Ø Ÿ?,3,5,31,[],https://twitter.com/demetrio_lc/status/1513964807837282307
12861,Literal M€÷xico,@literalmexico,2022-04-13T13:37:44.000Z,"Literal M€÷xico
@literalmexico
ô£
13 abr. 2022","AMLO no usa el Aeropuerto Felipe €ngeles porque no hay vuelos, seguir€ğ viajando por el AICM Benito Ju€ğrez

""Lo usar€÷ (el AIFA de Santa Luc€Ğa) cuando yo pueda, cuando haya m€ğs vuelos"": 
@lopezobrador_",,356,992,1.353,['https://pbs.twimg.com/ext_tw_video_thumb/1514236236273225735/pu/img/hsDc4-dqkAWh2fKX.jpg'],https://twitter.com/literalmexico/status/1514236395853910016
12862,Comit€÷ PAN-BJ,@cddbj,2022-04-13T22:35:04.000Z,"Comit€÷ PAN-BJ
@cddbj
ô£
13 abr. 2022",En Benito Ju€ğrez se obtuvo la participaci€n m€ğs baja en el ejercicio de Revocaci€n de Mandato de toda la CDMX. Confirmando que cerca del 90% de nuestros habitantes no quisieron caer en el juego de L€pez Obrador.,,6,54,87,[],https://twitter.com/cddbj/status/1514371621238288388
12863,Tlatoani_Cuauhtemoc,@Cuauhtemoc_1521,2022-04-14T15:50:18.000Z,"Tlatoani_Cuauhtemoc
@Cuauhtemoc_1521
ô£
14 abr. 2022","#Sab€Ğasque Benito Ju€ğrez y Margarita Maza Parada tuvieron 12 hijos?! De ellos, 5 murieron antes de los 7 a€¤os, mientras que el resto lleg€ a edad adulta. A Ju€ğrez le doli€ profundamente la muerte de su hijo Jos€÷ Mar€Ğa acaecida en Nueva York, 1864. Ten€Ğa solamente 8 a€¤os de edad",,26,217,1.108,[],https://twitter.com/Cuauhtemoc_1521/status/1514632145523859457
12864,H€÷ctor Su€ğrez Gom€Ğs,@PelonGomis,2022-04-14T20:07:12.000Z,"H€÷ctor Su€ğrez Gom€Ğs
@PelonGomis
ô£
14 abr. 2022","ôùCon esta sagacidad, el bodoque con obesidad m€rbida es abogado en USA? @30JR41_ 

Curioso que hable de acomplejados porque si no fuera por ellos, el Benito Ju€ğrez wannabe de su pap€ğ, no ser€Ğa tan populachero.

ôğUn ac€÷falo aconsejando a 
@elonmusk
! ",Ñ??? Ñ?Ø?,1.217,2.367,9.057,[],https://twitter.com/PelonGomis/status/1514696794990690308
12865,PEPE.,@pepe_back07,2022-04-15T02:20:37.000Z,"PEPE.
@pepe_back07
ô£
14 abr. 2022","H€÷ctor Su€ğrez le contesta a Jos€÷ Ram€n L€pez Beltr€ğn:

""El Benito Ju€ğrez wannabe de tu pap€ğ"". ",Ñ?Ø? Ñ?Ø? Ñ?Ø? Ñ?Ø? Ñ?Ø?,112,1.31,7.735,[],https://twitter.com/pepe_back07/status/1514790768367439880
12866,AXL,@AXL_BELFORT,2022-04-15T18:46:22.000Z,"AXL
@AXL_BELFORT
ô£
15 abr. 2022","Hoy, de las 11:55 am, y hasta las 12:25 pm document€÷ (video acelerado) la actividad a€÷rea en la CDMX y su periferia.

Ah€Ğ, les indico en rojo el AIFA y sus 3 pistas. Pero donde notar€ğn la m€ğxima actividad a€÷rea dentro de la ciudad, es en el Benito Ju€ğrez.

Y les comento...",,116,1.093,2.639,['https://pbs.twimg.com/ext_tw_video_thumb/1515038641650819079/pu/img/H7XZO2bzOZ99kjKF.jpg'],https://twitter.com/AXL_BELFORT/status/1515038842952515586
12867,Edgar Preza,@EdgarPrezaGto,2022-04-16T00:42:49.000Z,"Edgar Preza
@EdgarPrezaGto
ô£
15 abr. 2022",Madrugada en la avenida Benito Ju€ğrez  en #Guanajuato #GuanajuatoCapital.,,4,16,94,[],https://twitter.com/EdgarPrezaGto/status/1515128545567195148
12868,Roberto Hern€ğndez,@robert_hdz_c,2022-04-16T14:50:46.000Z,"Roberto Hern€ğndez
@robert_hdz_c
ô£
16 abr. 2022","En respuesta a 
@OSWALDORIOSM",,1,4,32,[],https://twitter.com/robert_hdz_c/status/1515341936726523915
12869,Einstein1,@Memoarias13,2022-04-17T00:12:41.000Z,"Einstein1
@Memoarias13
ô£
16 abr. 2022","En que forma ayuda
La Central Avionera AIFA
Al AICM Benito Ju€ğrez
En Temporada Alta?",,11,47,69,[],https://twitter.com/Memoarias13/status/1515483351553126405
12870,Denisse Basarelli,@DennBMcdougall,2022-04-17T15:08:41.000Z,"Denisse Basarelli
@DennBMcdougall
ô£
17 abr. 2022",En plena temporada alta y pese a que vuelos son m€ğs baratos que en el Benito Ju€ğrez debido a la reducci€n en el TUA. El aeromuerto naci€ Muerto,,16,71,123,[],https://twitter.com/DennBMcdougall/status/1515708834324660225
12871,Dami€ğn Alc€ğzar,@DamianAIcazar,2022-04-18T04:33:29.000Z,"Dami€ğn Alc€ğzar
@DamianAIcazar
ô£
17 abr. 2022","Malditos aquellos que con sus palabras defienden al pueblo y con sus hechos lo traicionan.

(Benito Ju€ğrez)",,7.066,9.249,"27,5 mil",[],https://twitter.com/DamianAIcazar/status/1515911368444104705
12872,Juncal Solano,@juncalssolano,2022-04-18T18:55:47.000Z,"Juncal Solano
@juncalssolano
ô£
18 abr. 2022","Malditos aquellos que con sus palabras defienden al pueblo y con sus hechos lo traicionan.

(Benito Ju€ğrez)",,455,1.08,4.302,[],https://twitter.com/juncalssolano/status/1516128375844265993
12873,Cam Mart€Ğnez,@CamMttz,2022-04-19T16:02:43.000Z,"Cam Mart€Ğnez
@CamMttz
ô£
19 abr. 2022","Aqu€Ğ los diputados de Benito Ju€ğrez que traicionaron a la gente que les exigi€ votar a favor la Reforma El€÷ctrica. 

Afortunadamente L€pez Obrador dijo que garantizar€ğ no suban los recibos de luz. Pero ya resentiremos en otros gobiernos las alzas de las tarifas por esos panistas.",,140,1.118,1.318,[],https://twitter.com/CamMttz/status/1516447207129550859
12874,GiseBalles72* Profa,@balles72,2022-04-19T03:03:12.000Z,"GiseBalles72* Profa
@balles72
ô£
18 abr. 2022","Una conocida facha se quej€ del $$ que se les da a los alumnos CCH en beca Benito Ju€ğrez, que es gasto y no inversi€n. 
As€Ğ que hoy pregunt€÷ a mis Ccheros 
ôùen qu€÷ usan su dinero?

Aqu€Ğ sus respuestas 
ôğQu€÷ dicha que nstrs impuestos apoyen a !

#EsUnHonorEstarConObrador",Ñ?? Ñ??? Ñ??,107,520,1.249,[],https://twitter.com/balles72/status/1516251037656571906
12875,¥õ¤¾?¤Ÿ??¾?¾?¤,@kataleya_km,2022-04-20T15:52:56.000Z,"¥õ¤¾?¤Ÿ??¾?¾?¤
@kataleya_km
ô£
20 abr. 2022","Mi vecina la prianista se la pasa quej€ğndose de AMLO y su gobierno. 
Ahhh pero es la primera en cobrar la beca Benito Ju€ğrez de su hijo y a sus pap€ğs cada vez que les llega su pensi€n de Adulto mayor los hace que le inviten pollos rostizados para toda la familia ",Ñ??õ Ñ??? Ñ??Ø,158,649,1.436,[],https://twitter.com/kataleya_km/status/1516807136814243851
12876,??€?D€?G€?,@323code,2022-04-20T12:39:57.000Z,"??€?D€?G€?
@323code
ô£
20 abr. 2022","En respuesta a 
@m_ebrard",,5,42,81,[],https://twitter.com/323code/status/1516758570305425415
12877,Ñ?Ñ??Ñ??€Ñ??Ñ??Ñ??Ñ?? Ñ?ŒÑ??Ñ??Ñ??Ñ??Ñ??Ñ??,@taller2006,2022-04-21T01:02:49.000Z,"Ñ?Ñ??Ñ??€Ñ??Ñ??Ñ??Ñ?? Ñ?ŒÑ??Ñ??Ñ??Ñ??Ñ??Ñ??
@taller2006
ô£
20 abr. 2022","ôùAlguien sabe d€nde me pueden dar carteles como este para colocar en la Alcald€Ğa Benito Ju€ğrez?
Aqu€Ğ tenemos 3 #TRAIDORES_A_LA_PATRIA",,117,1.872,3.345,[],https://twitter.com/taller2006/status/1516945517820858368
12878,la chika fresa,@lachika_fresa_,2022-04-21T17:40:13.000Z,"la chika fresa
@lachika_fresa_
ô£
21 abr. 2022","Pobre anciano !! Quiere ser como benito Ju€ğrez pero es L€pez Obrador 
Quiere ser un grande pero es un peque€¤o individo inepto e ignorante.. #QueOso",,95,173,511,[],https://twitter.com/lachika_fresa_/status/1517196520436776960
12879,Joe Quimby,@FitzgeraldQuim,2022-04-22T03:44:58.000Z,"Joe Quimby
@FitzgeraldQuim
ô£
21 abr. 2022","Un elote asado del Mercado Benito Ju€ğrez en Oaxaca luego de comerte una buena tlayuda.

Ni Obama ",Ñ?î Ñ?í? Ñ?Ø?,3,3,26,[],https://twitter.com/FitzgeraldQuim/status/1517348710405058561
12880,Revolucionarios PRI,@SomosPRI2022,2022-04-22T02:39:02.000Z,"Revolucionarios PRI
@SomosPRI2022
ô£
21 abr. 2022","En #ElTripleAGobernador tendr€ğn un aliado para que sus negocios prosperen. Gracias a los locatarios del mercado Benito Ju€ğrez y del 20 de noviembre por recibirnos. - 
@_AvilesAlvarez
 @PRI_Nacional
 @PRIOaxaca_
 #Oaxaca 
@JavierVillacana",,,4,8,[],https://twitter.com/SomosPRI2022/status/1517332118912876546
12881,Mart€Ğ Batres,@martibatres,2022-04-23T19:38:17.000Z,"Mart€Ğ Batres
@martibatres
ô£
23 abr. 2022","El Gobierno de la Ciudad de M€÷xico entreg€ hoy sus viviendas reconstruidas a las familias de Escocia 10, Benito Ju€ğrez, damnificadas a consecuencia de los sismos del 19 de septiembre de 2017.",,43,204,621,[],https://twitter.com/martibatres/status/1517951009552666624
12882,Franco Castell,@FrancoCastell3,2022-04-23T00:21:19.000Z,"Franco Castell
@FrancoCastell3
ô£
22 abr. 2022","En respuesta a 
@epigmenioibarra",,,5,10,[],https://twitter.com/FrancoCastell3/status/1517659848485359619
12883,Alfredo Ram€Ğrez Bedolla,@ARBedolla,2022-04-24T17:27:36.000Z,"Alfredo Ram€Ğrez Bedolla
@ARBedolla
ô£
24 abr. 2022","Participamos en la carrera Ÿ??Deja tu Huella por el JaguarŸ?, organizada por el zool€gico Benito Ju€ğrez, con el fin de recaudar fondos y crear un nuevo albergue para los cuatro jaguares que se tienen en el recinto.",,9,23,88,[],https://twitter.com/ARBedolla/status/1518280510379802624
12884,Oscar Najera,@OscarNa92796025,2022-04-24T16:46:37.000Z,"Oscar Najera
@OscarNa92796025
ô£
24 abr. 2022","Respondiendo a 
@ladimitrova
 @Linda_Dimitrov
 y 4 m€ğs",,2,1,6,[],https://twitter.com/OscarNa92796025/status/1518270194975756288
12885,Pintadas.AllBoys,@AllboysPintadas,2022-04-25T02:59:13.000Z,"Pintadas.AllBoys
@AllboysPintadas
ô£
24 abr. 2022","Pintamos dos nuevos murales en nuestro querido barrio de Floresta..

Antes y despu€÷s de los trabajos que realizamos en el d€Ğa de la fecha!! 
Lascano al 4700 y tambi€÷n en la esquina de Lascano y Benito Juarez..

 Por m€ğs murales en todo Floresta y barrios aleda€¤os!! ",Ñ?? Ñ??? Ñ?? Ñ??,6,18,78,[],https://twitter.com/AllboysPintadas/status/1518424360528318465
12886,Ñ?˜Ñ??Ñ?äÑ?—Ñ?í,@DJMatus,2022-04-25T11:36:17.000Z,"Ñ?˜Ñ??Ñ?äÑ?—Ñ?í
@DJMatus
ô£
25 abr. 2022","ôùSaben c€mo se llam€ un ministro de Relaciones Exteriores de Benito Ju€ğrez?
Manuel Doblado. ",Ñ?ØĞ,39,100,486,[],https://twitter.com/DJMatus/status/1518554484884004864
12887,Alan de Jes€õs Gomez,@A_JGM,2022-04-26T15:11:00.000Z,"Alan de Jes€õs Gomez
@A_JGM
ô£
26 abr. 2022","Uno es el hist€rico Manuel Doblado que luch€ junto a Benito Ju€ğrez, el otro es el actual Manuel, Doblado por el gobierno de Trump",,4,41,83,[],https://twitter.com/A_JGM/status/1518970908009971714
12888,Enrique Sandoval,@enrisandomtz,2022-04-26T19:42:21.000Z,"Enrique Sandoval
@enrisandomtz
ô£
26 abr. 2022","Puente de los bergantines, calle Benito
Ju€ğrez, Texcoco de Mora, Estado de M€÷xico. 
El pilar conocido como Puente de los Bergantines, en Texcoco, es una estructura que conmemora el lugar donde se cree que Hern€ğn Cort€÷s bot€ sus bergantines para conquistar Tenochtitl€ğn.",,2,13,58,[],https://twitter.com/enrisandomtz/status/1519039197528698881
12889,AXL,@AXL_BELFORT,2022-04-27T20:51:49.000Z,"AXL
@AXL_BELFORT
ô£
27 abr. 2022","El aeropuerto Benito Ju€ğrez (AICM), dejar€Ğa de operar un segundo antes de que se inaugurara el NAICM en Texcoco, migrando instant€ğneamente 1000 operaciones a€÷reas, m€ğs las 500 operaciones del nuevo NAICM en su 1er etapa. Total: 1500 operaciones.

Hoy, el AIFA ofrece 6 vuelos.",,306,3.62,8.705,['https://pbs.twimg.com/ext_tw_video_thumb/1519418886436753408/pu/img/NmeZk-kVhaa-XVBC.jpg'],https://twitter.com/AXL_BELFORT/status/1519419067634966530
12890,Alfredo Marquez T.,@Perrosenlacalle,2022-04-27T19:54:09.000Z,"Alfredo Marquez T.
@Perrosenlacalle
ô£
27 abr. 2022","Hola amigos, aqu€Ğ con algunos de mis perritos, los esperamos este Domingo 1 de Mayo para que x favor nos apoyen en nuestra ""Colecta de alimento"" de 12 a 6 pm calle Porfirio D€Ğaz esq Atlanta alcald€Ğa Benito Ju€ğrez CDMX. Se los vamos a agradecer infinitamente",,13,769,1.7,['https://pbs.twimg.com/ext_tw_video_thumb/1519404083613945856/pu/img/gl_bWFQIvARB7Spo.jpg'],https://twitter.com/Perrosenlacalle/status/1519404553921310722
12891,AXL,@AXL_BELFORT,2022-04-28T12:59:02.000Z,"AXL
@AXL_BELFORT
ô£
28 abr. 2022","El NAICM suplir€Ğa al Benito Ju€ğrez, y tendr€Ğa 1500 operaciones a€÷reas al d€Ğa.

Hoy, el Benito Ju€ğrez tiene 900 operaciones, y sum€ğndole las 12 que tiene el AIFA, ofrecen juntos 912 al d€Ğa.

1500>912

Pagamos m€ğs de 300 mil millones de pesos por un aeropuerto que no resolvi€ nada.",,89,1.361,3.897,[],https://twitter.com/AXL_BELFORT/status/1519662474559172608
12892,AXL,@AXL_BELFORT,2022-04-28T20:27:50.000Z,"AXL
@AXL_BELFORT
ô£
28 abr. 2022","Para 6 vuelos m€ğs, gastamos m€ğs de 300 mil millones de pesos.

Esos 6 vuelos ganados, y algunos m€ğs, se hubi€÷ran logrado en el Benito Ju€ğrez si le dieran el mantenimiento correcto e hicieran la remodelaci€n adecuada. Por much€Ğsimo menos dinero.

ôğIMB€?CILES!",,78,1.498,5.509,[],https://twitter.com/AXL_BELFORT/status/1519775416873062402
12893,Irene aka Esperanza,@highvanillacoke,2022-04-29T04:50:02.000Z,"Irene aka Esperanza
@highvanillacoke
ô£
28 abr. 2022","Oye 
@OHarfuch
 tus elementos andan sueltos amenazando y extorsionando a la gente. Creo que son los de Goliat de Benito Ju€ğrez porque me dijo que seg€õn ven€Ğa de la alcald€Ğa. Coincide con que hoy le dieron la sentencia condenatoria a mi agresor #LordGolpeador",,4,1.681,3.877,['https://pbs.twimg.com/ext_tw_video_thumb/1519901754778923009/pu/img/vaerVJy8nQgf_G6K.jpg'],https://twitter.com/highvanillacoke/status/1519901800442343426
12894,wonnieav_,@ailani_via,2022-04-29T17:26:51.000Z,"wonnieav_
@ailani_via
ô£
29 abr. 2022","El Aeropuerto Internacional Benito Ju€ğrez ya subio el tweet que tanto est€ğbamos esperando.
Los dos aeropuertos de la Ciudad de M€÷xico ya se unieron al trend ôùSera una se€¤al de que bts venga a M€÷xico?  #AirportTwitter #BTS",,1,76,471,[],https://twitter.com/ailani_via/status/1520092259018027009
12895,Emilio €lvarez Icaza Longoria,@EmilioAlvarezI,2022-04-30T12:52:55.000Z,"Emilio €lvarez Icaza Longoria
@EmilioAlvarezI
ô£
30 abr. 2022","En la defensa del sistema electoral y del  
@INEMexico
, el pr€ximo mi€÷rcoles 4 de mayo a las 11:00 horas nos vemos en el Teatro Mar€Ğa Tereza Montoya en la Alcald€Ğa Benito Ju€ğrez en la Cdmx. 
#YoDefiendoAlINE",,186,235,492,[],https://twitter.com/EmilioAlvarezI/status/1520385711568039937
12896,Clausol,@Clausolunam,2022-04-30T16:55:22.000Z,"Clausol
@Clausolunam
ô£
30 abr. 2022","Alcald€Ğa Benito Ju€ğrez ...
ôùLa que lleva d€÷cadas siendo panista? Mmm.",Ñ??? Ñ?Ø? Ñ?Ø? Ñ?Ø?,7,42,49,[],https://twitter.com/Clausolunam/status/1520446724543819777
12897,NULITOS,@ealcocervalle,2022-05-01T13:14:41.000Z,"NULITOS
@ealcocervalle
ô£
1 may. 2022","No solo es la falta de vuelos (m€ğximo 6 algunos d€Ğas a la semana), lo que representa el 1.5% de lo que se genera en el Benito Ju€ğrez (no resuelve lo requerido en el pa€Ğs), sino la lejan€Ğa y dificultad para ir y regresar.

Naci€ muerto el AIFA.
#HijosDeMx #MxEsNuestro",,5,49,62,[],https://twitter.com/ealcocervalle/status/1520753577614053377
12898,Dr. Aar€n Fuentes,@MD_H0_DrAaronFC,2022-05-01T15:17:39.000Z,"Dr. Aar€n Fuentes
@MD_H0_DrAaronFC
ô£
1 may. 2022","Grandes movidas de piezas en el Ajedrez esta realizando el Gran Maestro Presidente 
@lopezobrador_
Con base en el aprendizaje de un €õnico error en la historia del mandatario Benito Ju€ğrez, que fue de la confrontaci€n directa directa vs EU, se aprende de la Historia",,38,568,1.291,[],https://twitter.com/MD_H0_DrAaronFC/status/1520784523608346633
12899,Araceli Benitez,@aracelibs,2022-05-02T19:52:38.000Z,"Araceli Benitez
@aracelibs
ô£
2 may. 2022","Con su decreto, el ÿ‘?ãÿ‘?à«Ÿ¤ÿ‘?ÿ‘?Ÿùÿ‘?ÿ‘? solo oficializar€ğ por en€÷sima vez que el AIFA es un fracaso y de pasada le dar€ğ m€ğs en la torre al Benito Ju€ğrezŸ?í en fin, votaron por un imb€÷cil.",Ÿ?—,126,2.194,7.571,[],https://twitter.com/aracelibs/status/1521216113480065024
12900,Gustavo Fern€ğndez del Castillo Oviedo,@gustavofdelc,2022-05-02T17:55:49.000Z,"Gustavo Fern€ğndez del Castillo Oviedo
@gustavofdelc
ô£
2 may. 2022","Propongo que los que votaron por 
@lopezobrador_
 viajen por el CHAIFA  y los que votamos en contra de el continuemos usando el Benito Ju€ğrez.",,51,84,247,[],https://twitter.com/gustavofdelc/status/1521186711988064257
12901,Shion,@ChicShion,2022-05-03T19:45:36.000Z,"Shion
@ChicShion
ô£
3 may. 2022","Alguien sabe por qu€÷ los pseudo ambientalistas jamas se han pronunciado por la tala rapaz de arboles en el bastion panista en CDMX, la Benito Juarez, para dar paso a edificios, edificios, centros comerciales, supermercados, y mas edificios?",,5,296,338,[],https://twitter.com/ChicShion/status/1521576729395056641
12902,Shion,@ChicShion,2022-05-03T19:43:45.000Z,"Shion
@ChicShion
ô£
3 may. 2022","Entonces los que est€ğn jode y jode con el tren maya, callan cuando el PAN en Benito Juarez quiere talar 3000 arboles para construir un supermercado mas, como si no hubiera ya muchos en la CDMX.

Los mismos que impidieron una sucursal del banco d bienestar enga€¤ando talar€Ğan .",Ñ??,14,280,322,[],https://twitter.com/ChicShion/status/1521576263219040257
12903,AlexdeTj,@rosy1alex,2022-05-04T14:02:31.000Z,"AlexdeTj
@rosy1alex
ô£
4 may. 2022",Vieron a Benito Ju€ğrez hoy en la conferencia del presidente ?,,62,31,295,[],https://twitter.com/rosy1alex/status/1521852776984109058
12904,Carlos Albert Ll,@calbert57,2022-05-04T17:36:00.000Z,"Carlos Albert Ll
@calbert57
ô£
4 may. 2022","Hasta de BENITO JUAREZ se cuelgan ante el gran dolor de haber perdido "" sus ayuda$ "".....",,37,79,358,[],https://twitter.com/calbert57/status/1521906501258039297
12905,Joaqu€Ğn L€pez-D€riga,@lopezdoriga,2022-05-05T23:15:25.000Z,"Joaqu€Ğn L€pez-D€riga
@lopezdoriga
ô£
5 may. 2022","Enviar€ğn treinta vuelos diarios del aeropuerto Benito Ju€ğrez al Felipe €ngeles, diez por compa€¤€Ğa",,182,182,527,['https://pbs.twimg.com/amplify_video_thumb/1522353460028579841/img/YxvLFz_R-OwVTeLy.jpg'],https://twitter.com/lopezdoriga/status/1522354308271980544
12906,Alejandro Moreno,@alitomorenoc,2022-05-05T20:30:03.000Z,"Alejandro Moreno
@alitomorenoc
ô£
5 may. 2022","ôğVamos a ganar en Quintana Roo con el respaldo de los ciudadanos, porque aqu€Ğ en Benito Ju€ğrez saben que cuando el PRI gobierna los resultados se notan!",,651,205,665,[],https://twitter.com/alitomorenoc/status/1522312692903686146
12907,Antonio Garci Nieto,@Garcimonero,2022-05-06T12:59:02.000Z,"Antonio Garci Nieto
@Garcimonero
ô£
6 may. 2022","El aeropuerto Benito Juarez y el AIFA NO pueden operar simultaneamente, cada vuelo que llega a sale de uno es un un vuelo que no puede entrar o salir en el otro, as€Ğ que con 2 aeropuertos tendremos menos vuelos en la CDMX 
!Unos pinches genios!",,66,1.363,3.525,[],https://twitter.com/Garcimonero/status/1522561576976408576
12908,Alejandro Moreno,@alitomorenoc,2022-05-06T00:41:12.000Z,"Alejandro Moreno
@alitomorenoc
ô£
5 may. 2022","Nuestro compromiso con las mujeres es enorme, trabajaremos de tiempo completo con responsabilidad y con much€Ğsima capacidad.

ôğLes saludo desde la tienda de mi amiga Anayeli Santiago, aqu€Ğ en Benito Ju€ğrez, Quintana Roo! ",,93,61,193,['https://pbs.twimg.com/ext_tw_video_thumb/1522374971011522566/pu/img/Fj7ccvJwtN62NG0Q.jpg'],https://twitter.com/alitomorenoc/status/1522375893951385600
12909,' Chaparrita.. ,@PatHito_,2022-05-07T16:06:47.000Z,"' Chaparrita.. 
@PatHito_
ô£
7 may. 2022","Y a todo esto... 
ôùQui€÷n est€ğ al mando de la presidencia municipal de Benito Juarez?",Ÿ?,16,27,63,[],https://twitter.com/PatHito_/status/1522971215568199681
12910,JULIO SCHIAPPA,@SCHIAPPA2021,2022-05-07T02:13:37.000Z,"JULIO SCHIAPPA
@SCHIAPPA2021
ô£
6 may. 2022","Patricia Ju€ğrez y Norma Yarrow, es bueno recordar que, con L€pez Aliaga y Luna gobernaban Lima, cuando Casta€¤eda era Alcalde. Modelo de autoritarismo, corrupci€n e ignorancia. Repiten lo mismo en el Congreso actual.",,72,364,1.069,[],https://twitter.com/SCHIAPPA2021/status/1522761539492761600
12911,Ñ?›Ñ??Ñ??Ñ??,@IrmaMR3,2022-05-08T16:17:42.000Z,"Ñ?›Ñ??Ñ??Ñ??
@IrmaMR3
ô£
8 may. 2022","Junto con Moctezuma y el Pdte Benito Ju€ğrez, Doroteo Arango mejor,  conocido como Pancho Villa es el personaje hist€rico mexicano reconocido a nivel mundial.",Ñ???,4,96,198,[],https://twitter.com/IrmaMR3/status/1523336349528559616
12912,Cristina Corso,@CristinaCorso8,2022-05-08T17:02:38.000Z,"Cristina Corso
@CristinaCorso8
ô£
8 may. 2022","Bienvenido a #Cuba amigo AMLO no estamos solos la #Solidaridad entre hermanos es lo que nos ense€¤aron nuestros pr€ceres... Benito Ju€ğrez, Hidalgo, Jose Mart€Ğ, #Fidel #VivaM€÷xico #VivaCubaLibre",,2,36,61,[],https://twitter.com/CristinaCorso8/status/1523347656252092418
12913,Maximiliano I de Mex,@maximiliano1_mx,2022-05-09T17:56:26.000Z,"Maximiliano I de Mex
@maximiliano1_mx
ô£
9 may. 2022","La €õltima foto conocida del presidente Venustiano Carranza, evidentemente, delgado y abatido, 4 d€Ğas antes de su asesinato. 

Tomada el 17 de mayo de 1920 en el barrio de Benito Ju€ğrez, en Tetela de Ocampo, Puebla.

#FelizLunes",,14,135,808,[],https://twitter.com/maximiliano1_mx/status/1523723582807117827
12914,Oscar Rogelio Garfias,@oscarrgarfias,2022-05-09T23:41:24.000Z,"Oscar Rogelio Garfias
@oscarrgarfias
ô£
9 may. 2022","Los vuelos que cancelar€ğn en el Benito Ju€ğrez y los pasen a las pistas de Santa Luc€Ğa aumentar€ğn el riesgo de accidentes en el espacio a€÷reo. 

Todo hacen mal!",,3,35,64,[],https://twitter.com/oscarrgarfias/status/1523810399467888640
12915,Gustavo Fern€ğndez del Castillo Oviedo,@gustavofdelc,2022-05-10T16:20:17.000Z,"Gustavo Fern€ğndez del Castillo Oviedo
@gustavofdelc
ô£
10 may. 2022","Lecci€n b€ğsica de econom€Ğa nivel Plaza S€÷samo. 

El presidente pide combatir la inflaci€n, pero al reducir en un 25% los vuelos del AICM , s€lo va generar un aumento en la demanda del Benito Ju€ğrez y consecuentemente UN INCREMENTO EN LOS PRECIOS DEL TRANSPORTE.",,9,56,208,[],https://twitter.com/gustavofdelc/status/1524061773955014656
12916,Antibacterial ô¸,@sinuhedotcom,2022-05-10T18:08:26.000Z,"Antibacterial ô¸
@sinuhedotcom
ô£
10 may. 2022",Aeropuerto de Texcoco / Benito Ju€ğrez / Felipe €ngeles,Ñ??¤,2,6,40,[],https://twitter.com/sinuhedotcom/status/1524088991338872833
12917,Francisco M. McGregor,@macpaco3000,2022-05-11T20:15:13.000Z,"Francisco M. McGregor
@macpaco3000
ô£
11 may. 2022","Todo lo caf€÷ son cerros monta€¤as y volcanes . En el centro blanco el Benito Ju€ğrez y AIFA
A ver si se entiende un poco mejor cu€ğl es el problema de control de tr€ğfico en sus aeropuertos con operaci€n simult€ğnea",,5,31,61,[],https://twitter.com/macpaco3000/status/1524483287674093568
12918,Eduardo Naya Vidal,@naya_vidal,2022-05-12T15:59:30.000Z,"Eduardo Naya Vidal
@naya_vidal
ô£
12 may. 2022","Ahora la mentira que esta de moda entre los corruptos opositores es la de que diario ha estado a punto de haber accidentes en el aeropuerto Benito Juarez, ya que seg€õn ellos ayer por poco se accidenta un avi€n de Aeromexico, claro por culpa de AMLO ",Ñ??? Ñ??? Ñ???,1,7,28,[],https://twitter.com/naya_vidal/status/1524781320043659264
12919,Bacon Cats,@Baconcatsmx,2022-05-12T01:53:26.000Z,"Bacon Cats
@Baconcatsmx
ô£
11 may. 2022","ôğYa falta poquito! 
Nos vemos este domingo en la explanada de la alcald€Ğa Benito Ju€ğrez para el 
@Gato_Fest
  
ôğAcomp€ğ€¤ame y recolectemos alimento para los michitos! ",Ÿ?— Ÿ?— Ñ?¤ Ñ??? ŸØ,4,68,134,[],https://twitter.com/Baconcatsmx/status/1524568402555252736
12920,Alfredo Marquez T.,@Perrosenlacalle,2022-05-13T14:30:04.000Z,"Alfredo Marquez T.
@Perrosenlacalle
ô£
13 may. 2022","Ven este Domingo 15 de Mayo y sumate a mi gran misi€n. Alegra sus colita y sus pancitas donando alimento y art€Ğculos para perros y gatos rescatados de maltrato y abandono. Parque Hundido de 12 a 6 p.m. Calle Porfirio D€Ğaz esq Atlanta, Alcald€Ğa Benito Ju€ğrez CDMX. Gracias",,3,520,290,[],https://twitter.com/Perrosenlacalle/status/1525121202674597889
12921,gabriela,@tlalocgaby,2022-05-13T21:32:41.000Z,"gabriela
@tlalocgaby
ô£
13 may. 2022","En respuesta a 
@CarlosLoret
 y 
@latinus_us",,10,11,47,[],https://twitter.com/tlalocgaby/status/1525227557049745408
12922,Bacon Cats,@Baconcatsmx,2022-05-14T17:07:54.000Z,"Bacon Cats
@Baconcatsmx
ô£
14 may. 2022","ôğNos vemos ma€¤ana en el 
@Gato_Fest
 ! 

Estar€÷ desde tempranito en la explanada de la alcald€Ğa Benito Ju€ğrez, CDMX ",Ñ?¤ Ñ?¤ Ñ???,12,168,751,[],https://twitter.com/Baconcatsmx/status/1525523307881279490
12923,Marlene,@ExiTri,2022-05-14T11:38:35.000Z,"Marlene
@ExiTri
ô£
14 may. 2022",CONGRESO DE LA CORRUPCI€?N!!!PATRICIA JUAREZ PRESENTA LEY PARA REELECCI€?N DE ALCALDES Y PRESIDENTES REGIONALES Y CONGRESISTAS!!!!EL PUEBLO SABE LOS MILES DE MILLONES Q ROBAN EN OBRAS!!!TODO CONTRA EL PUEBLO!!!BASTA YA!!!,,19,132,269,[],https://twitter.com/ExiTri/status/1525440433026912258
12924,Guanajuato Capital Turismo,@GtoCapitalTur,2022-05-15T19:40:51.000Z,"Guanajuato Capital Turismo
@GtoCapitalTur
ô£
15 may. 2022","Que bonito cuando cae el atardecer en el coraz€n de #GuanajuatoCapital   ôğ#FelizDomingo! 
Avenida Benito Ju€ğrez  DG Running",Ÿ?— Ñ??? Ñ?? Ñ??ö,,8,59,[],https://twitter.com/GtoCapitalTur/status/1525924187336019969
12925,Alejandro Echegaray,@aechegaray1,2022-05-15T13:02:12.000Z,"Alejandro Echegaray
@aechegaray1
ô£
15 may. 2022","Los salubristas que est€ğn por llegar a M€÷xico no sabr€Ğan poner una inyecci€n. No son m€÷dicos ni cursaron una carrera de medicina tradicional. En Cuba, son doctores comunitarios como los que se forman actualmente en las escuelas del bienestar Benito Ju€ğrez.",,11,264,428,[],https://twitter.com/aechegaray1/status/1525823865900912641
12926,Jes€õs Ram€Ğrez Cuevas,@JesusRCuevas,2022-05-16T16:08:05.000Z,"Jes€õs Ram€Ğrez Cuevas
@JesusRCuevas
ô£
16 may. 2022","En esta administraci€n se apoya con becas a 12 millones de alumnos de todos los niveles con las Becas del Bienestar Benito Ju€ğrez y se beneficiar€ğ a 113 mil escuelas con el programa la Escuela es Nuestra, disminuyendo las carencias de los planteles de nivel b€ğsico.",,63,286,589,[],https://twitter.com/JesusRCuevas/status/1526233033942175744
12927,ã?ô£ÿ‹óô£ ã? OSO Y8 ã? ô£ÿ‹óô£ã?,@YoshiBrightside,2022-05-16T04:25:36.000Z,"ã?ô£ÿ‹óô£ ã? OSO Y8 ã? ô£ÿ‹óô£ã?
@YoshiBrightside
ô£
15 may. 2022","@SkyAlertMx
 #EclipseLunar Desde Benito Ju€ğrez, CDMX",,1,3,21,[],https://twitter.com/YoshiBrightside/status/1526056244506656768
12928,Victor Gonzalez -,@XoloElvis,2022-05-17T22:12:39.000Z,"Victor Gonzalez -
@XoloElvis
ô£
17 may. 2022",Cuando yo sea presidente vamos a hacer un aeropuerto del doble del tama€¤o del de Texcoco que reemplazar€ğ al Benito Ju€ğrez y al AIFA,,4,12,78,[],https://twitter.com/XoloElvis/status/1526687167954620416
12929,Torrecillas,@ldct01,2022-05-17T14:53:17.000Z,"Torrecillas
@ldct01
ô£
17 may. 2022",Es hora de quitar al pendejo de Benito Ju€ğrez del billete de quinientos y en su lugar poner a Eiza Gonz€ğlez,,1,1,10,[],https://twitter.com/ldct01/status/1526576595065917440
12930,Fiscal€Ğa CDMX,@FiscaliaCDMX,2022-05-18T12:36:32.000Z,"Fiscal€Ğa CDMX
@FiscaliaCDMX
ô£
18 may. 2022","Se activa #AlertaAmber para localizar a la menor de 16 a€¤os de edad, de nombre Nadia Jaramillo Venegas, vista por €õltima vez el d€Ğa 27 de abril 2022 en la colonia Del Valle Centro, alcald€Ğa Benito Ju€ğrez",,4,963,104,[],https://twitter.com/FiscaliaCDMX/status/1526904570739191808
12931,Archivo 21 .,@Shehinnow,2022-05-18T22:57:42.000Z,"Archivo 21 .
@Shehinnow
ô£
18 may. 2022","Que gran diferencia es tener un Aeropuerto #BARAJAS Funcional para una gran ciudad . Hoy, El #NAICM en Mexico estar€Ğa funcionando con m€ğs de 1700 operaciones diarias (SIN USAR EL BENITO JU€REZ) m€ğs del Doble de las actuales entre #AICM, #AIFA y Toluca .  LO BARATO SALE CARO!",,5,32,55,[],https://twitter.com/Shehinnow/status/1527060892889890817
12932,AXL,@AXL_BELFORT,2022-05-19T12:20:47.000Z,"AXL
@AXL_BELFORT
ô£
19 may. 2022","El Benito Ju€ğrez reporta que, en el trascurso de 10 horas, y despu€÷s del replanteamiento a€÷reo por culpa del AIFA, este antiguo y verdadero aeropuerto internacional registr€ siete aterrizajes frustrados, cuando lo normal, deber€Ğan ser de uno a tres.

A un paso de la cat€ğstrofe.",,48,1.09,3.179,[],https://twitter.com/AXL_BELFORT/status/1527262992391348225
12933,Noticias RedMX,@noticiasredmx,2022-05-19T18:54:08.000Z,"Noticias RedMX
@noticiasredmx
ô£
19 may. 2022","#UltimaHora 

Se registra intensa movilizaci€n debido al hallazgo de una granada en un dep€sito de basura en la alcald€Ğa Benito Ju€ğrez

Tome precauciones 

#NoticiasRedMX",Ñ??— Ÿ?˜,2,9,9,[],https://twitter.com/noticiasredmx/status/1527361983213084672
12934,Sak Kuk,@PincheLu,2022-05-20T22:09:48.000Z,"Sak Kuk
@PincheLu
ô£
20 may. 2022","D€ğndolo todo en la prueba, con mam€ğ. (@ Entre Costuras in Benito Ju€ğrez, Distrito Federal) https://swarmapp.com/c/c1iZILeR63c",Ñ??ó Ÿ?—,4,,18,[],https://twitter.com/PincheLu/status/1527773612576481280
12935,Victor Macedo,@vmacb355,2022-05-20T00:32:10.000Z,"Victor Macedo
@vmacb355
ô£
19 may. 2022","En respuesta a 
@patty_juarez_
 @anibaltorresv
 y 
@MinemPeru",,1,3,43,[],https://twitter.com/vmacb355/status/1527447053436981249
12936,Morrito de Barrio,@MauricioSnoBarr,2022-05-21T21:03:16.000Z,"Morrito de Barrio
@MauricioSnoBarr
ô£
21 may. 2022","ôùTe imaginas a AMLO sin hablar de sus enemigos creados y bla bla?

Exacto, es s€lo un viejito rampl€n hablando de Benito Ju€ğrez y garnachas todo el d€Ğa. 

No da para m€ğs.

Sin opositores no existe.",Ñ??¢,2,12,21,[],https://twitter.com/MauricioSnoBarr/status/1528119254502912000
12937,Juan mauricio Castellanos Padilla,@Juanmau88192909,2022-05-21T21:36:57.000Z,"Juan mauricio Castellanos Padilla
@Juanmau88192909
ô£
21 may. 2022","Necesitamos nuevos luchadores sociales, que ayuden a definir lo trazado por el presidente AMLO darle seguimiento y continuidad a esa gran idea de crecimiento y expulsar de la pol€Ğtica el narcotr€ğfico as€Ğ como se separ€ por don Benito Ju€ğrez la iglesia y la pol€Ğtica.
Somos much@s",,2,10,32,[],https://twitter.com/Juanmau88192909/status/1528127731740950529
12938,g flo,@ollinaui,2022-05-22T10:33:51.000Z,"g flo
@ollinaui
ô£
22 may. 2022","@PpEncontradosMx
 @En_laDelValle
 @brigadaBJ
 @perritosenapuro
 encontramos a este perrito en la alcald€Ğa Benito Ju€ğrez, est€ğ muy triste",,4,50,28,[],https://twitter.com/ollinaui/status/1528323247045062658
12939,GILITO MADMAX,@Gilitomadmax,2022-05-22T05:29:11.000Z,"GILITO MADMAX
@Gilitomadmax
ô£
22 may. 2022","CREER QUE POLANCO ES LO MEJOR ES ABSURDO
NADA COMO COYOAC€N
Y LA BENITO JU€REZ

AWIWIS",,1,4,20,[],https://twitter.com/Gilitomadmax/status/1528246572970127360
12940,Fer PG,@lamusitapg,2022-05-23T19:58:44.000Z,"Fer PG
@lamusitapg
ô£
23 may. 2022","D€nde est€ğn tus 100 Universidades BENITO JU€REZ MIT€?MANO 
@lopezobrador_
 ?",,1,56,100,[],https://twitter.com/lamusitapg/status/1528827790677536768
12941,luzdelcorazon,@luzdelcorazon1,2022-05-23T14:55:09.000Z,"luzdelcorazon
@luzdelcorazon1
ô£
23 may. 2022","Aqu€Ğ se ve con claridad que una de las cuchillas se bot€, abajo el transformador entre follaje.
Calle Don Luis Entre Elisa y Virginia col. Nativitas alcald€Ğa Benito Ju€ğrez 
@BJAlcaldia
 en la CDMX urgente 
@CFEmx
 @CFE_Contigo",,3,32,44,[],https://twitter.com/luzdelcorazon1/status/1528751390646013953
12942,Pablo Rend€n,@pagusrendon,2022-05-24T13:46:27.000Z,"Pablo Rend€n
@pagusrendon
ô£
24 may. 2022",Benito Ju€ğrez en el multiverso de la locura.,,5,119,1.125,[],https://twitter.com/pagusrendon/status/1529096491452727297
12943,Eduardo Manzanares Retana,@Manzanares_E,2022-05-24T16:44:33.000Z,"Eduardo Manzanares Retana
@Manzanares_E
ô£
24 may. 2022","ôùQuieren visualizar al #AcuarioDeVeracruz en 3 a€¤os? Volteen a ver el auditorio Benito Ju€ğrez, el ""Pirata"", Arena Veracruz, el Centro de Raqueta. ôùSe me pasa alguno?",,52,323,899,[],https://twitter.com/Manzanares_E/status/1529141310870913030
12944,Qu€÷ Poca Madre,@QuePocaMadre_Mx,2022-05-25T06:30:00.000Z,"Qu€÷ Poca Madre
@QuePocaMadre_Mx
ô£
25 may. 2022","AYUDA A LOCALIZARLA! 

Ayuda para localizar a Valeria Adamaris Acosta €vila, vista por €õltima vez el 24 de mayo, en el municipio de Benito Ju€ğrez, #QuintanaRoo",Ñ??—,2,909,119,[],https://twitter.com/QuePocaMadre_Mx/status/1529349044212047872
12945,Ñ?›Ñ??Ñ??Ñ??,@IrmaMR3,2022-05-25T01:54:08.000Z,"Ñ?›Ñ??Ñ??Ñ??
@IrmaMR3
ô£
24 may. 2022"," 17/Mayo/1920 €õltima fot€ de Don Venustiano Carranza. En el barrio de Benito Ju€ğrez en Tetela de Ocampo Puebla.

4 dias antes de su asesinato en Tlaxcalaltongo.",Ñ???,3,66,97,[],https://twitter.com/IrmaMR3/status/1529279619010019330
12946,Twetthor3 Recargado,@Twetthor3R,2022-05-26T16:15:24.000Z,"Twetthor3 Recargado
@Twetthor3R
ô£
26 may. 2022","Arregla tus problemas #USA #EEUUesViolencia 
Y deja en paz a
 #Ucrania
#Venezuela 
#Cuba

El respeto al derecho ajeno, es la PAZ.
BENITO JUAREZ ( MEXICO )",,6,79,95,[],https://twitter.com/Twetthor3R/status/1529858750328315904
12947,Lucky Luciano,@bAizas_,2022-05-26T17:50:54.000Z,"Lucky Luciano
@bAizas_
ô£
26 may. 2022",Los de la Benito Ju€ğrez,Ñ??‘,2,,7,[],https://twitter.com/bAizas_/status/1529882787087585280
12948,Oscar,@ALEPHBIO,2022-05-27T01:37:19.000Z,"Oscar
@ALEPHBIO
ô£
26 may. 2022","Anthea Terina Sansores Olvera, sobrina de la gobernadora de Campeche, Layda Elena Sansores San Rom€ğn, ocupa un cargo como Directora de €rea, en la Coordinaci€n Nacional de Becas para el Bienestar Benito Ju€ğrez, percibiendo un sueldo bruto mensual de $58,690.00

Abro Hilo ",Ñ??– Ñ?ä‘,55,1.267,1.324,[],https://twitter.com/ALEPHBIO/status/1530000163443441665
12949,Andr€÷s Barrios Arenas,@huampoyotl,2022-05-27T00:28:24.000Z,"Andr€÷s Barrios Arenas
@huampoyotl
ô£
26 may. 2022","Becas Benito Juarez: $840 mensuales

Subisdio a la gasolina: ~$400 por tanque...  si son 4 tanques por mes, subsidio que te da el gobierno por manejar tu camioneta: $1,600.

Se€¤orxs en camioneta reciben el doble que los estudiantes de ayuda gubernamental ",Ñ???,12,117,616,[],https://twitter.com/huampoyotl/status/1529982820176773120
12950,SoyGusGuss,@soygusgus1,2022-05-28T12:37:32.000Z,"SoyGusGuss
@soygusgus1
ô£
28 may. 2022","Buenos d€Ğas. 

Se proh€Ğben las corridas de toros en la Ciudad de M€÷xico  

Juez en la Benito Ju€ğrez lo ha determinado. ",Ñ??ù,43,221,1.387,[],https://twitter.com/soygusgus1/status/1530528698344120325
12951,Vanessa,@VMOSN,2022-05-28T18:27:25.000Z,"Vanessa
@VMOSN
ô£
28 may. 2022","Presumen 6 vuelos diarios en la central avionera. 

Benito Ju€ğrez tiene 61 vuelosŸ?í POR HORA. 

De verdad que son burros.",,31,278,1.297,[],https://twitter.com/VMOSN/status/1530616752178176000
12952,Observatorio de Estado de Derecho en la calle CDMX,@ObservatorioEDC,2022-05-29T18:50:34.000Z,"Observatorio de Estado de Derecho en la calle CDMX
@ObservatorioEDC
ô£
29 may. 2022","Buenas tardes. Solicito gr€õa para retirar auto Toyota Prius placas HFH-146-A de la ciclovia de Adolfo Prieto enfrente del 510, colonia Del Valle Norte, alcald€Ğa Benito Ju€ğrez",,5,36,99,[],https://twitter.com/ObservatorioEDC/status/1530984966296899584
12953,Euridice Ackerman,@EuridiceAckerm1,2022-05-29T17:41:34.000Z,"Euridice Ackerman
@EuridiceAckerm1
ô£
29 may. 2022","AMIGOS DE LA CIUDAD DE M€?XICO LLEGAMOS A NUESTRO DESTINO LOS ESPERAMOS
RECUERDEN HELADO EN ROLLO,MINI PASTELES,ORDENES DE BONELESS Y M€S LOS ESPERAMOS 
C. Mitla 708, Letr€ğn Valle, Benito Ju€ğrez, 03650 Ciudad de M€÷xico, CDMX 
https://maps.app.goo.gl/6YrL6hXJK1z7sdnV9Ÿ?í
#BenitoJuarez  #kawaii #bazar",,,25,21,[],https://twitter.com/EuridiceAckerm1/status/1530967601035194368
12954,Irene Barcenas,@barcenairene,2022-05-30T04:07:10.000Z,"Irene Barcenas
@barcenairene
ô£
29 may. 2022","Funerales de Benito Ju€ğrez.
La ma€¤ana del 23 de julio de 1872.
Autor Sciandra Hnos.",,8,31,141,[],https://twitter.com/barcenairene/status/1531125038618910721
12955,Dra. Claudia Sheinbaum,@Claudiashein,2022-05-30T23:17:56.000Z,"Dra. Claudia Sheinbaum
@Claudiashein
ô£
30 may. 2022","Hemos hecho una inversi€n hist€rica junto con el 
@GobiernoMX
 para apoyos directos en programas del bienestar: 45 mmdp al a€¤o. Destinados a beneficiar a adult@s mayores, j€venes construyendo el futuro, beca Benito Ju€ğrez, y ahora a personas con discapacidad.",,1.269,645,1.56,[],https://twitter.com/Claudiashein/status/1531414637803184128
12956,Salazar Trejo,@salazar_trejo,2022-05-31T12:48:54.000Z,"Salazar Trejo
@salazar_trejo
ô£
31 may. 2022",T€mame una foto as€Ğ como si me importara combatir la inseguridad y la corrupci€n en Benito Ju€ğrez.,,3,8,10,[],https://twitter.com/salazar_trejo/status/1531618722049409024
12957,felipe g€mez,@soyfelipe,2022-05-31T13:45:17.000Z,"felipe g€mez
@soyfelipe
ô£
31 may. 2022","como todas las ma€¤anas, autos en los cruces peatonales en San Borja y L€pez Cotilla, Del Valle, Benito Ju€ğrez, atenci€n 
@OVIALCDMX
 @UCS_GCDMX
 @GestionesBJ",,5,12,14,[],https://twitter.com/soyfelipe/status/1531632912688373767
12958,Fuerza Informativa Azteca,@AztecaNoticias,2022-06-01T19:23:25.000Z,"Fuerza Informativa Azteca
@AztecaNoticias
ô£
1 jun. 2022","ôğNo se va a hacer lo que quiera solo un juez! La Plaza de Toros M€÷xico impugn€ ante un tribunal federal la resoluci€n del juez Jonathan Bass de prohibir la fiesta brava en la alcald€Ğa Benito Ju€ğrez de la #CDMX. 

Que se entienda: #ProhibidoProhibir",,63,231,658,[],https://twitter.com/AztecaNoticias/status/1532080393691619328
12959,Mara Lezama,@MaraLezama,2022-06-01T01:52:07.000Z,"Mara Lezama
@MaraLezama
ô£
31 may. 2022","Cerramos con alegr€Ğa en Benito Ju€ğrez esta campa€¤a  de transformaci€n y esperanza, arropados con el amor de todo el pueblo y toda la Coalici€n #JuntosHacemosHistoria en Quintana Roo. El 5 de junio, ser€ğ el momento de votar para defender el #CambioVerdadero. ôğGracias #Canc€õn! #4T",,21,92,174,[],https://twitter.com/MaraLezama/status/1531815825723768835
12960,Tania,@tania__rd,2022-06-02T17:38:05.000Z,"Tania
@tania__rd
ô£
2 jun. 2022",El c€ğrtel de Benito Ju€ğrez andaba suelto en Tamaulipas,,3,4,19,[],https://twitter.com/tania__rd/status/1532416274722177025
12961,JaimeCCS,@JaimeCCS,2022-06-02T21:24:50.000Z,"JaimeCCS
@JaimeCCS
ô£
2 jun. 2022","€?xito = 
Fracaso = 

Banco del Bienestar = 
Internet para Todos = 
BIRMEX = 
Gas del Bienestar = 
Univ. Benito Ju€ğrez = 
AIFA = 

Pr€ximamente:

Dos Bocas = 
Tren Maya = 

Si falta alguna continuemos con la lista de elefantes blancos.",Ÿ?? Ÿ? Ÿ? Ÿ? Ÿ? Ÿ? Ÿ? Ÿ? Ÿ? Ÿ?,26,155,224,[],https://twitter.com/JaimeCCS/status/1532473336931966993
12962,Germ€ğn Navas Talero,@GNavasTalero,2022-06-03T02:09:17.000Z,"Germ€ğn Navas Talero
@GNavasTalero
ô£
2 jun. 2022","Buenas noches, me acaban de informar que el profesor Sergio De Zubir€Ğa Samper se encuentra retenido, sin justificaci€n alguna, por las autoridades de migraci€n mexicanas en el aeropuerto Benito Ju€ğrez. El profesor Sergio es delegado por la Universidad de BosqueenClacpa€ĞmBenjamin",,12,546,914,[],https://twitter.com/GNavasTalero/status/1532544920774393878
12963,Mazatl€ğn Nuestra Historia,@HistoriadeMaza,2022-06-03T13:19:02.000Z,"Mazatl€ğn Nuestra Historia
@HistoriadeMaza
ô£
3 jun. 2022",A€¤os 50's. La imagen tomada desde las calles Leandro Valles y Benito Ju€ğrez. Observe a la derecha el mercado Pino Su€ğrez. Saludos cordiales.,,,8,41,[],https://twitter.com/HistoriadeMaza/status/1532713469409120260
12964,Diego Vel€ğzquez,@DiegoVe210,2022-06-04T14:40:48.000Z,"Diego Vel€ğzquez
@DiegoVe210
ô£
4 jun. 2022","Para colmo, Estados Unidos -s€Ğ, ese buen amigo del norte a quien tanto admiraba Benito Ju€ğrez- arrebat€ a M€÷xico m€ğs del 62 por ciento de su territorio, algo que ning€õn mexicano deber€Ğa olvidar. Buen s€ğbado a todos.",,3,7,20,[],https://twitter.com/DiegoVe210/status/1533096437805875201
12965,Matador,@Matador81313029,2022-06-04T03:50:29.000Z,"Matador
@Matador81313029
ô£
3 jun. 2022","El nuevo libertador de Am€÷rica...el que pide respeto, el que repite las frases de Benito Ju€ğrez, ""entre los individuos como en las naciones el respeto al derecho ajeno es la paz"" pero el no respeta.",,1,15,22,[],https://twitter.com/Matador81313029/status/1532932778349670401
12966,Julieta Fierro Gossman,@FierroGossman,2022-06-05T17:44:09.000Z,"Julieta Fierro Gossman
@FierroGossman
ô£
5 jun. 2022","ôùC€mo vamos a fomentar el turismo, una de nuestras principales fuentes de ingreso, si no hay agua en los excusados ni en los lavabos de la Terminal 2 del Aeropuerto Benito Ju€ğrez de la CDMX?",,7,65,231,[],https://twitter.com/FierroGossman/status/1533504966828167169
12967,ESTEBAN DIDO DESOBRES?—?,@ZHCANCUN,2022-06-05T14:05:35.000Z,"ESTEBAN DIDO DESOBRES?—?
@ZHCANCUN
ô£
5 jun. 2022","En respuesta a 
@Jazecita",,1,2,29,[],https://twitter.com/ZHCANCUN/status/1533449960292761600
12968,Abraham Katime,@abrahamkatime,2022-06-06T12:12:26.000Z,"Abraham Katime
@abrahamkatime
ô£
6 jun. 2022","Ÿ??El pueblo que quiere ser libre, lo ser€ğŸ?: Benito Juarez.

#PetroPresidente",,1,117,346,[],https://twitter.com/abrahamkatime/status/1533783874102247424
12969,Juana Patarroyo M,@patarroyo3333,2022-06-06T12:06:44.000Z,"Juana Patarroyo M
@patarroyo3333
ô£
6 jun. 2022","@EmbaMexCol
 en areopuerto benito Juarez de la CDMX mi hermano lleva retenido sin justificaci€n por mas de tres horas.",,5,26,30,[],https://twitter.com/patarroyo3333/status/1533782437536350209
12970,"red, red wine ub40 .",@ReinaDistancia,2022-06-07T16:22:47.000Z,"red, red wine ub40 .
@ReinaDistancia
ô£
7 jun. 2022","Carta de Margarita maza de Ju€ğrez,a su esposo €÷l presidente Benito Ju€ğrez.",,1,10,41,[],https://twitter.com/ReinaDistancia/status/1534209262821314560
12971,Hubertus Blumen,@hubertusblumen,2022-06-07T12:29:49.000Z,"Hubertus Blumen
@hubertusblumen
ô£
7 jun. 2022","De la que se salvaron en la cumbre...

Escuchar las mismas cantaletas y las mismas ""an€÷cdotas"" 
...y hasta el ""orgullo"" de Benito (Ju€ğrez, mussolini (min.), o Bodoque) por parte del ""presidente""",,1,26,42,[],https://twitter.com/hubertusblumen/status/1534150638321471488
12972,Edgar Preza,@EdgarPrezaGto,2022-06-08T02:28:16.000Z,"Edgar Preza
@EdgarPrezaGto
ô£
7 jun. 2022","#GuanajuatoViejo Avenida Benito Ju€ğrez en #Guanajuato #GuanajuatoCapital, inicios del siglo XX, la fotograf€Ğa era en blanco y negro, pero le di color para que puedan ver m€ğs detalles.",,2,7,36,[],https://twitter.com/EdgarPrezaGto/status/1534361637922144257
12973,Gus P€÷rez,@drgustavoadolfo,2022-06-08T14:46:15.000Z,"Gus P€÷rez
@drgustavoadolfo
ô£
8 jun. 2022",La gran aspiraci€n de Benito Ju€ğrez fue lograr un estado laico.,Ñ???,2,2,15,[],https://twitter.com/drgustavoadolfo/status/1534547359312510979
12974,Francisco M. McGregor,@macpaco3000,2022-06-09T17:21:58.000Z,"Francisco M. McGregor
@macpaco3000
ô£
9 jun. 2022","La piloto que dio a conocer el v€Ğdeo del acercamiento de dos aviones en el Benito Ju€ğrez fue separada de su puesto, corrida pues. De donde vino la orden?",,150,3.433,7.134,[],https://twitter.com/macpaco3000/status/1534948935445254153
12975,Julian Ricalde,@JulianRicalde,2022-06-09T03:16:34.000Z,"Julian Ricalde
@JulianRicalde
ô£
8 jun. 2022","Gracias amigos de Isla Mujeres, Benito Ju€ğrez, L€ğzaro C€ğrdenas y Puerto Morelos por permitirme representarlos.

Es un gran honor recibir esta constancia que me acredita como diputado electo.",,25,9,69,[],https://twitter.com/JulianRicalde/status/1534736184076910592
12976,El Tecolote,@el_tecolotin,2022-06-10T16:58:56.000Z,"El Tecolote
@el_tecolotin
ô£
10 jun. 2022","No s€÷ por qu€÷, pero me parece muy extra€¤o que desde que empez€ el aifa se volvi€ muy peligroso el Benito Ju€ğrez... No es una gran coincidencia?",,59,542,1.726,[],https://twitter.com/el_tecolotin/status/1535305524538920960
12977,Archi+tech,@arqiv,2022-06-10T13:57:16.000Z,"Archi+tech
@arqiv
ô£
10 jun. 2022","Problemas de fluidez vial.
Una constante debido al mal uso de bah€Ğas de transporte p€õblico.
Esto en av. Xcaret, Benito Ju€ğrez. QRoo.",,1,4,4,[],https://twitter.com/arqiv/status/1535259806830940164
12978,Luis Ernesto GS,@LEGonzalezSoto,2022-06-11T22:38:27.000Z,"Luis Ernesto GS
@LEGonzalezSoto
ô£
11 jun. 2022","Para Dresser, el Aeropuerto Benito Ju€ğrez funcionaba de maravilla hasta que AMLO lo sabote€. Entonces, si operaba tan bien, ôùpara qu€÷ quer€Ğan CERRARLO y construir otro en Texcoco? Pobre oposici€n, sin rumbo, sin dignidad, con el dinero como Estrella Polar.",,62,1.284,3.568,[],https://twitter.com/LEGonzalezSoto/status/1535753355934457857
12979,Dra. Claudia Sheinbaum,@Claudiashein,2022-06-11T19:22:59.000Z,"Dra. Claudia Sheinbaum
@Claudiashein
ô£
11 jun. 2022","El arte, la cultura, la ciencia, el deporte y la educaci€n, no son s€lo el camino a una vida libre de violencia, sino tambi€÷n derechos universales en nuestra Ciudad, por eso inauguramos el Pilares Valent€Ğn G€mez Far€Ğas en la alcald€Ğa Benito Ju€ğrez.",,72,431,1.136,[],https://twitter.com/Claudiashein/status/1535704164092850176
12980,ZuritaCarpio,@ZuritaCarpio,2022-06-12T15:32:54.000Z,"ZuritaCarpio
@ZuritaCarpio
ô£
12 jun. 2022","El gran argumento para construir el aeropuerto en Texcoco era que el Benito Ju€ğrez era insuficiente, pero ya se le olvid€ a la doitora Dresser.",,29,323,896,[],https://twitter.com/ZuritaCarpio/status/1536008650430586886
12981,ximena sandoval,@xismenasandoval,2022-06-12T23:44:20.000Z,"ximena sandoval
@xismenasandoval
ô£
12 jun. 2022",As€Ğ la #lluvia en Benito Ju€ğrez ,Ñ??¤ Ñ??¤,2,15,132,[],https://twitter.com/xismenasandoval/status/1536132322784845826
12982,Luis de Jahair,@luis_jahair,2022-06-13T18:35:54.000Z,"Luis de Jahair
@luis_jahair
ô£
13 jun. 2022","Absolutamente nadie:

Yo el mas morenista apenas entro a la Benito Ju€ğrez:",,12,63,507,['https://pbs.twimg.com/ext_tw_video_thumb/1536417001400324096/pu/img/gVmHkrbsbiDXvOPR.jpg'],https://twitter.com/luis_jahair/status/1536417090038636547
12983,Pascal,@beltrandelrio,2022-06-13T01:41:56.000Z,"Pascal
@beltrandelrio
ô£
12 jun. 2022",La granizada de esta tarde en la alcald€Ğa Benito Ju€ğrez tir€ el techo de la Mega Soriana de Mixcoac y pint€ de blanco el Parque Hundido,,22,240,1.074,[],https://twitter.com/beltrandelrio/status/1536161920050413570
12984,Karma Sherab Gyaltsen,@Yeshe83,2022-06-14T02:19:19.000Z,"Karma Sherab Gyaltsen
@Yeshe83
ô£
13 jun. 2022",El peor gobierno del pa€Ğs despu€÷s del gobierno de Benito Ju€ğrez !,,,7,8,[],https://twitter.com/Yeshe83/status/1536533715722989569
12985,Dominus Muscarum V2.1,@elsenormoscas,2022-06-14T15:26:43.000Z,"Dominus Muscarum V2.1
@elsenormoscas
ô£
14 jun. 2022","Definitivamente s€Ğ, eso deber€Ğan ense€¤ar, en lugar de hablarnos de que Benito Ju€ğrez fue un h€÷roe.",,3,1,11,[],https://twitter.com/elsenormoscas/status/1536731869252755456
12986,Ame || FITF,@stillwitharry_,2022-06-15T04:36:08.000Z,"Ame || FITF
@stillwitharry_
ô£
14 jun. 2022",Recolecta de firmas para que quiten a Benito Ju€ğrez del billete de 500 y pongan a Louis,,38,462,1.59,[],https://twitter.com/stillwitharry_/status/1536930533355175936
12987,PerrosPerdidosMx,@PrrosPerdidosMX,2022-06-15T14:55:24.000Z,"PerrosPerdidosMx
@PrrosPerdidosMX
ô£
15 jun. 2022",#Encontrada 03 de junio 22 en el aereopuerto Benito Ju€ğrez #Cdmx 5611879886 Rt,Ÿ?? Ñ??,5,141,46,[],https://twitter.com/PrrosPerdidosMX/status/1537086377455656960
12988,PAPYRUS,@ManotasKing,2022-06-16T20:38:07.000Z,"PAPYRUS
@ManotasKing
ô£
16 jun. 2022",Benito Ju€ğrez en los libros / Benito Ju€ğrez en la vida real,,1,11,70,[],https://twitter.com/ManotasKing/status/1537535011511058435
12989,Lic. citlali torres,@Delfina75823491,2022-06-16T21:26:50.000Z,"Lic. citlali torres
@Delfina75823491
ô£
16 jun. 2022","En respuesta a 
@STaboadaMx
 y 
@SandraCuevas_",,1,6,18,[],https://twitter.com/Delfina75823491/status/1537547273718071300
12990,Antibacterial ô¸,@sinuhedotcom,2022-06-17T01:22:14.000Z,"Antibacterial ô¸
@sinuhedotcom
ô£
16 jun. 2022",Ni este Benito Ju€ğrez gen€÷rico ni el original eran austeros,Ñ??¤,37,234,411,[],https://twitter.com/sinuhedotcom/status/1537606513916686336
12991,Chenato Zamudio monero,@Cirzchenato,2022-06-17T16:01:43.000Z,"Chenato Zamudio monero
@Cirzchenato
ô£
17 jun. 2022","Esta est€ğ mejor.
Yoda y Don Benito Juarez jsjsjs",Ñ?õ Ñ?õ,5,9,28,[],https://twitter.com/Cirzchenato/status/1537827840120524803
12992,jezzini,@jezzzini,2022-06-18T05:55:26.000Z,"jezzini
@jezzzini
ô£
18 jun. 2022",se€¤al de que est€ğs pagando un karma ancestral: ATERRIZAR EN LA TERMINAL 1 DEL AEROPUERTO INTERNACIONAL BENITO JUAREZ,,18,138,3.423,[],https://twitter.com/jezzzini/status/1538037654671052800
12993,ExeOps,@ExeOps,2022-06-18T20:21:44.000Z,"ExeOps
@ExeOps
ô£
18 jun. 2022","Gato perdido en alcald€Ğa Benito Ju€ğrez.  Favor de difundir. 
@LordGatus
 @MascotasSismo
 @xjusticianimal
 @CdmxHuellas
 @VillaDeCortesBJ
 @col_ActipanCdmx
@ColDelValleBJ
 @coldelvallecdmx
#gatoperdido",,2,97,19,[],https://twitter.com/ExeOps/status/1538255663465472000
12994,Cuitl€ğhuac Garc€Ğa,@CuitlahuacGJ,2022-06-19T00:10:58.000Z,"Cuitl€ğhuac Garc€Ğa
@CuitlahuacGJ
ô£
18 jun. 2022","Este s€ğbado se hizo entrega de viviendas a familias de las colonias Aeropuerto, Ampliaci€n Las Bajadas, Las Bajadas, Benito Ju€ğrez y Reserva Tarimoya IV del Puerto de Veracruz.",,8,224,619,[],https://twitter.com/CuitlahuacGJ/status/1538313354430791680
12995,Gonzalo Souto,@Gonzalors1,2022-06-19T01:20:15.000Z,"Gonzalo Souto
@Gonzalors1
ô£
18 jun. 2022","@LaNapolesCdMx
 @BJAlcaldia
 @Seg_NapolesDF
 as€Ğ se inunda el foro Esparza Oteo en la colonia N€ğpoles. Falta de mantenimiento en la delegaci€n Benito Ju€ğrez.",,2,5,3,[],https://twitter.com/Gonzalors1/status/1538330790043557888
12996,Aisin-Gioro Kordy,@KordyKRD,2022-06-20T12:05:18.000Z,"Aisin-Gioro Kordy
@KordyKRD
ô£
20 jun. 2022","Su nombre es Benito Ju€ğrez Gonz€ğlez fue un combatiente durante la guerra civil espa€¤ola contra el fascismo, por infortunio muri€ en 1938 tras una incursi€n de la legi€n c€ndor, por favor difusi€n para que lo vea el pueblo andaluz y se de cuenta de su error....
Que su memoria viva",,3,2,12,[],https://twitter.com/KordyKRD/status/1538855510509817858
12997,#DrAlonso,@Elhijodelahuiz3,2022-06-20T00:20:45.000Z,"#DrAlonso
@Elhijodelahuiz3
ô£
19 jun. 2022","Felicitaciones al pueblo hermano de
#Colombia
#PetroEsPresidente
a pesar de las campa€¤as de miedo
y guerra Sucia
calumnias y Embustes
Gan€ su libertad hoy.

"" El Pueblo Que quiere Ser Libre Lo Ser€ğ""

         Benito Ju€ğrez. -

#PetroPresidente
#ColombiaConPetro
#ColombiaVota2022",,2,61,83,[],https://twitter.com/Elhijodelahuiz3/status/1538678202138099712
12998,M€NDAME DM POR DINERO,@TuDineroFacil,2022-06-21T19:31:14.000Z,"M€NDAME DM POR DINERO
@TuDineroFacil
ô£
21 jun. 2022",Benito Ju€ğrez seg€õn la SEP \\ Benito Ju€ğrez de verdad,Ñ??ó Ñ??ó,11,120,834,[],https://twitter.com/TuDineroFacil/status/1539330121399783425
12999,el Carlos Vega,@elCarlosVega,2022-06-21T14:40:44.000Z,"el Carlos Vega
@elCarlosVega
ô£
21 jun. 2022","Amigues, recomi€÷ndenme un buen libro sobre Benito Ju€ğrez, plis ",Ñ???,21,3,56,[],https://twitter.com/elCarlosVega/status/1539257013334683653
13000,Carlos Loret de Mola,@CarlosLoret,2022-06-22T12:17:35.000Z,"Carlos Loret de Mola
@CarlosLoret
ô£
22 jun. 2022","Como el Felipe €ngeles es un fracaso, el gobierno ha comenzado a estrangular el Aeropuerto Internacional Benito Ju€ğrez. Deliberadamente lo est€ğn descuidando, quieren causar las peores molestias para obligarnos a usar su capricho. Ÿí
@El_Universal_Mx
Ÿ÷",,995,3.994,"10,1 mil",[],https://twitter.com/CarlosLoret/status/1539583374343507968
13001,??¦?ª?Ñ??? S?THP?Æ?÷ Ñ????ª???¦,@SethPako,2022-06-22T04:03:45.000Z,"??¦?ª?Ñ??? S?THP?Æ?÷ Ñ????ª???¦
@SethPako
ô£
21 jun. 2022","En respuesta a 
@ElAmaDeCasa1
 y 
@lopezobrador_",,,7,10,['https://pbs.twimg.com/ext_tw_video_thumb/1539459083907977216/pu/img/28jVX3dFkIqdmH9C.jpg'],https://twitter.com/SethPako/status/1539459099666022402
13002,C€Ğrculos de Estudio Benito Ju€ğrez,@ComisionCE_BJ,2022-06-23T15:51:17.000Z,"C€Ğrculos de Estudio Benito Ju€ğrez
@ComisionCE_BJ
ô£
23 jun. 2022","ôğBuenos d€Ğas camaradas!

Les compartimos aqu€Ğ algunas invitaciones y recomendaciones relativas a nuestra formaci€n pol€Ğtica. 

ôğLes esperamos en los C€Ğrculos de Estudio en Benito Ju€ğrez!


Va ",ŸØ Ñ?ä‘,1,3,10,[],https://twitter.com/ComisionCE_BJ/status/1539999543948984323
13003,Miss Atomic Bomb,@thaliavarreola,2022-06-23T06:47:51.000Z,"Miss Atomic Bomb
@thaliavarreola
ô£
23 jun. 2022","En respuesta a 
@Noticierista",Ñ??? Ÿ?˜ Ÿ?˜,1,2,5,[],https://twitter.com/thaliavarreola/status/1539862785215311872
13004,enano,@heidicorrall,2022-06-24T17:25:42.000Z,"enano
@heidicorrall
ô£
24 jun. 2022",Pobre Benito Ju€ğrez q no pudo escuchar candy de plan b,,29,2.032,9.144,[],https://twitter.com/heidicorrall/status/1540385689782476802
13005,Historia y Datos,@HistoriayDatos,2022-06-24T21:00:01.000Z,"Historia y Datos
@HistoriayDatos
ô£
24 jun. 2022","24 de junio de 1867, el Gral. Mariano Escobedo entrega al presidente Benito Ju€ğrez la espada de Maximiliano de Habsburgo.",,4,42,179,[],https://twitter.com/HistoriayDatos/status/1540439625864462336
13006,majito,@bichosdejulio,2022-06-25T15:11:54.000Z,"majito
@bichosdejulio
ô£
25 jun. 2022",benito ju€ğrez nunca escuch€ fanatica de lo sensual ,Ñ???,1,138,591,[],https://twitter.com/bichosdejulio/status/1540714406094446593
13007,Santiago Taboada,@STaboadaMx,2022-06-25T14:00:10.000Z,"Santiago Taboada
@STaboadaMx
ô£
25 jun. 2022","Ser€÷ breve:
En Benito Ju€ğrez, amor es amor. #Orgullo2022",,57,39,225,['https://pbs.twimg.com/ext_tw_video_thumb/1540695866872176640/pu/img/s87bcEQ5fwHM-LTn.jpg'],https://twitter.com/STaboadaMx/status/1540696353361330176
13008,Pablo Go€¤i,@PabloGoi10,2022-06-26T22:21:01.000Z,"Pablo Go€¤i
@PabloGoi10
ô£
26 jun. 2022",Siembra de cebada Montoya Benito Ju€ğrez!!,,,3,83,['https://pbs.twimg.com/ext_tw_video_thumb/1541183832107401220/pu/img/qSpqucscHwXS-CyV.jpg'],https://twitter.com/PabloGoi10/status/1541184787364384768
13009,dean gf,@anacami91,2022-06-26T04:37:57.000Z,"dean gf
@anacami91
ô£
25 jun. 2022",benito ju€ğrez nunca escuch€ all to well,Ñ??,3,7,17,[],https://twitter.com/anacami91/status/1540917254732189697
13010,Rikis67,@rikis67,2022-06-27T17:00:43.000Z,"Rikis67
@rikis67
ô£
27 jun. 2022",#HijosDeMx As€Ğ la terminal 1 del Aeropuerto Benito Ju€ğrez,,6,43,59,[],https://twitter.com/rikis67/status/1541466566956441601
13011,co,@coty_morello,2022-06-27T16:07:14.000Z,"co
@coty_morello
ô£
27 jun. 2022","Benito Ju€ğrez, donde estacionar bien nunca es una opci€n",,,,8,['https://pbs.twimg.com/ext_tw_video_thumb/1541453064875507712/pu/img/Y2QVpkuXfk4X9FRr.jpg'],https://twitter.com/coty_morello/status/1541453108554915848
13012,ObservatorioCiudadanoBJ,@bj_observatorio,2022-06-28T21:28:33.000Z,"ObservatorioCiudadanoBJ
@bj_observatorio
ô£
28 jun. 2022","28 de junio
D€Ğa Mundial del €rbol                       En Benito Ju€ğrez, nada que celebrarŸ?í",,3,54,54,[],https://twitter.com/bj_observatorio/status/1541896356331134980
13013,Fiscal€Ğa CDMX,@FiscaliaCDMX,2022-06-28T21:34:58.000Z,"Fiscal€Ğa CDMX
@FiscaliaCDMX
ô£
28 jun. 2022","Se activa #AlertaAmber para localizar a una menor de 14 a€¤os de edad, de nombre Kerany Olmedo P€÷rez, quien fue vista por €õltima vez el d€Ğa 27 de junio de 2022, en la colonia Portales Norte, alcald€Ğa Benito Ju€ğrez",,12,1.559,243,[],https://twitter.com/FiscaliaCDMX/status/1541897974510493696
13014,Chenato Zamudio monero,@Cirzchenato,2022-06-29T02:50:26.000Z,"Chenato Zamudio monero
@Cirzchenato
ô£
28 jun. 2022",Shrek y Benito Juarez en la alberca.,Ñ?õ,1,1,6,[],https://twitter.com/Cirzchenato/status/1541977361670934529
13015,M€nica O. abogada?—?,@Monicao2712,2022-06-29T21:34:56.000Z,"M€nica O. abogada?—?
@Monicao2712
ô£
29 jun. 2022","Quien quiera mandarme un caf€÷, les agradezco mucho sea a esta direcci€n. 
Monte Alb€ğn 311, Col. Narvarte, Del. Benito Ju€ğrez,  Cd. De M€÷xico. 
Aqu€Ğ los espero todos los d€Ğas a partir de las 11:30 am.",Ñ??? Ñ??,54,37,354,[],https://twitter.com/Monicao2712/status/1542260354125807627
13016,Antonio Sempere-Vald€÷s de Bonn,@FinisimaPersona,2022-06-30T13:39:52.000Z,"Antonio Sempere-Vald€÷s de Bonn
@FinisimaPersona
ô£
30 jun. 2022","Ÿ??Alazraki es hitlerianoŸ?, dice el repu€¤etas que trae a flor de labios la an€÷cdota de que Mussolini se llamaba Benito en honor a Ju€ğrez.",,29,402,2.431,[],https://twitter.com/FinisimaPersona/status/1542503187151724544
13017,diegu€Ğn,@holasoydieguin,2022-06-30T22:48:49.000Z,"diegu€Ğn
@holasoydieguin
ô£
30 jun. 2022","culturalmente le debemos m€ğs a britney spears que a benito ju€ğrez, s€÷panlo.",Ñ?©,,4,24,[],https://twitter.com/holasoydieguin/status/1542641334107897864
